objid_1,ra_1,dec_1,raErr,decErr,zph,zphErr,clean,u,g,r,i,z_1,u_err,g_err,r_err,i_err,z_err,extinction_u,extinction_g,extinction_r,extinction_i,extinction_z,bestobjid,ra_spec,dec_spec,zsp,zspErr,veldisp,veldisperr,subclass,instrument,survey,programname,class,ssfr_mean_1,age_1,age_mean_1,ssfr_1,z_sf_1,specObjID_1,ra_2,dec_2,z_noqso,ssfr_mean_2,age_2,age_mean_2,ssfr_2,z_sf_2,z_2,specObjID_2,objid_2,Column1,logMass,logMass_err,logMass_min,logMass_max,logMass_median,Source_id,Isl_id,RA,E_RA,DEC,E_DEC,Total_flux,E_Total_flux,Peak_flux,E_Peak_flux,RA_max,E_RA_max,DEC_max,E_DEC_max,Maj,E_Maj,Min,E_Min,PA,E_PA,Maj_img_plane,E_Maj_img_plane,Min_img_plane,E_Min_img_plane,PA_img_plane,E_PA_img_plane,DC_Maj,E_DC_Maj,DC_Min,E_DC_Min,DC_PA,E_DC_PA,DC_Maj_img_plane,E_DC_Maj_img_plane,DC_Min_img_plane,E_DC_Min_img_plane,DC_PA_img_plane,E_DC_PA_img_plane,Isl_Total_flux,E_Isl_Total_flux,Isl_rms,Isl_mean,Resid_Isl_rms,Resid_Isl_mean,S_Code,Separation
1237663278462665622,355.561142055448,0.994124915724168,0.105079284682604,0.111775878183433,0.801496,0.040665,1,21.46052,23.97765,21.76292,20.36,19.84134,0.3138956,0.5809206,0.111428,0.08350001,0.1568256,0.1200401,0.09353441,0.06470668,0.04808399,0.03576566,1237663278462665622,355.56114,0.99412494,0.6771384,0.0002402958,305.7727,57.6881,null,BOSS,eboss,eboss,GALAXY,null,null,null,null,null,null,355.56114,0.99412494,0.6771292,-11.9707530251751,5.13963842391968,5.68339549121583,-33.0,0.6771292,0.6771292,6918849371354886144,1237663278462665622,0.6771292,11.9330907864889,0.0985013282867391,11.8824936786044,12.0666556539646,11.9697204394944,2820,2761,355.56132432389484,2.5154345926485658E-5,0.9942444112056662,2.437091342381308E-5,3.901745640620565E-4,1.8255441517656522E-5,3.622590456792965E-4,1.0008051329166911E-5,355.56132432389484,2.5154345926485658E-5,0.9942444112056662,2.437091342381308E-5,0.0022073408313846806,6.443844340830654E-5,0.0019689558036682783,5.147790863201281E-5,130.8694068695306,10.356256958321834,0.0022073315158242196,6.443844340830654E-5,0.0019687945328661794,5.147790863201281E-5,130.87555273287495,10.356256958321834,0.0,6.443844340830654E-5,0.0,5.147790863201281E-5,0.0,10.356256958321834,0.0,6.443844340830654E-5,0.0,5.147790863201281E-5,0.0,10.356256958321834,3.495451388553105E-4,1.7395970366399143E-5,9.858281373453792E-6,-7.322335022763582E-7,7.856749107304495E-6,-2.1023106455686502E-7,S,0.7845271058292552
1237663278462927438,356.140335125536,0.901103682589506,0.046469968571022,0.0443160345919353,0.553209,0.030575,0,23.17034,21.32627,20.42432,19.50268,18.65676,0.5894887,0.1100431,0.04491251,0.03053627,0.0733637,0.1115338,0.0869064,0.06012145,0.04467668,0.03323124,1237663278462927438,356.14033,0.90110498,0.5683628,0.0001115529,244.2062,34.33524,null,BOSS,boss,boss,GALAXY,null,null,null,null,null,null,356.14033,0.90110498,0.5683628,-11.6793142022806,5.07166004180908,6.28564309722907,-2.99856162071228,0.5683628,0.5683628,7327584302278569984,1237663278462927438,0.5683628,12.0101039790483,0.112059330062462,11.9000435623151,12.1036593241369,11.9991861174605,1283,1241,356.14045648087057,2.990551777604736E-4,0.9008199203659273,1.2244610994352508E-4,1.483740055898534E-4,3.536886534238796E-5,7.943597765654837E-5,1.291751919591737E-5,356.14045648087057,2.990551777604736E-4,0.9008199203659273,1.2244610994352508E-4,0.0035949930022924665,7.068081015954666E-4,0.0020965035939816447,2.8197842672315486E-4,95.33212357664084,16.518175795177555,0.003594950993375238,7.068081015954666E-4,0.0020964081798920085,2.8197842672315486E-4,95.32858460067564,16.518175795177555,0.0,7.068081015954666E-4,0.0,2.8197842672315486E-4,0.0,16.518175795177555,0.0,7.068081015954666E-4,0.0,2.8197842672315486E-4,0.0,16.518175795177555,1.1690596006428922E-4,1.9443982611469435E-5,1.24725347632193E-5,-9.683295729701058E-7,1.2239396710356232E-5,3.3881553918035934E-6,S,1.1110213331431738
1237656909038027293,356.764076239118,1.13438507055982,0.123371673731776,0.0713779961651661,0.570892,0.030168,1,23.38948,22.24984,20.36911,19.41262,18.77088,0.594409,0.2914427,0.07667838,0.05071835,0.1437813,0.1116923,0.0870299,0.06020688,0.04474017,0.03327847,1237656909038027293,356.76408,1.134382,0.5640422,0.0001030759,111.2592,29.52602,null,BOSS,boss,boss,GALAXY,null,null,null,null,null,null,356.76408,1.134382,0.5640422,-3.14661819339233,6.02130603790283,5.44237318650665,-1.80716907978058,0.5640422,0.5640422,4708535217139937280,1237656909038027293,0.5640422,11.9208155826306,0.0949229452333899,11.7107941439585,11.9020048568353,11.8079337813174,189,184,356.76421298008694,2.696628597223081E-7,1.1345069376995067,1.0031693565969177E-6,0.03716208468180155,3.9156094033194116E-5,0.029212813580708243,1.6124915418913588E-5,356.7644003232458,2.696628597223081E-7,1.1342861432815512,1.0031693565969177E-6,0.0030870206833043434,2.3694629308232943E-6,0.0015233920917921916,6.076696374086985E-7,85.40068562846764,0.04273098895240368,0.003086733689805865,2.3694629308232943E-6,0.0015232166823640576,6.076696374086985E-7,85.38387568381512,0.04273098895240368,0.0,2.3694629308232943E-6,0.0,6.076696374086985E-7,0.0,0.04273098895240368,0.0,2.3694629308232943E-6,0.0,6.076696374086985E-7,0.0,0.04273098895240368,0.028621301694798745,1.06372720355467E-4,1.6124915418913588E-5,6.956513232125872E-8,2.651333634275943E-4,6.654635217273608E-5,M,0.6593246731205707
1237657190902858686,354.656323761915,-0.175622551303393,0.15752481681558,0.101259983948455,0.897108,0.053636,1,21.31218,24.38657,21.96966,20.26073,19.18041,0.5719786,0.4454614,0.1770611,0.09161086,0.1076067,0.1605755,0.1251194,0.08655699,0.06432112,0.0478431,1237657190902858686,354.65632,-0.17562255,0.7688277,0.0001932169,197.7122,44.65165,null,BOSS,eboss,eboss,GALAXY,null,null,null,null,null,null,354.65632,-0.17562255,0.7688277,-15.1214517305099,4.23694276809692,5.25554770298294,-6.81336212158203,0.7688277,0.7688277,6605760132918472704,1237657190902858686,0.7688277,12.1977740504029,0.120831541405927,12.23815650653,12.4476162897619,12.335676362065,3618,3533,354.6555246320915,1.1545287584320946E-5,-0.17485389360608602,1.5593588255358837E-5,8.290053588579394E-4,1.8197623730015806E-5,6.478320317348232E-4,8.832175032104746E-6,354.6555246320915,1.1545287584320946E-5,-0.17485389360608602,1.5593588255358837E-5,0.002538077492053804,3.812328092458703E-5,0.00203488666398094,2.518055639183331E-5,159.0264477150111,2.810343877941864,0.002537747973575787,3.812328092458703E-5,0.0020345795466325976,2.518055639183331E-5,159.02260755210682,2.810343877941864,0.0013624826903598812,3.812328092458703E-5,7.040587522966244E-4,2.518055639183331E-5,137.3777443987325,2.810343877941864,0.0013621711365771369,3.812328092458703E-5,7.040220944143192E-4,2.518055639183331E-5,137.3739042358282,2.810343877941864,0.00213262159039413,3.193881097157133E-5,8.475052709400188E-6,9.269765399722019E-9,1.047712612489704E-5,3.2583135180175304E-5,C,3.991679540097928
1237657191976927551,355.342661374267,0.693743461776454,0.103948171803471,0.108466105060188,0.440834,0.126654,1,19.98281,20.40123,19.70383,18.87075,18.89981,0.2613768,0.05939591,0.04625186,0.03762548,0.3115929,0.1233103,0.09608256,0.06646947,0.04939394,0.03674002,1237657191976927551,355.34266,0.69374187,0.6591465,9.101419E-05,132.3822,39.71556,null,BOSS,boss,boss,GALAXY,null,null,null,null,null,null,355.34266,0.69374187,0.6591465,-1.97218977521757,5.93695545196533,5.0517756248166,-2.37662315368652,0.6591465,0.6591465,6720588180108275712,1237657191976927551,0.6591465,11.9985664892001,0.0984603495956913,11.9534535297295,12.1434151220126,12.0480917812051,3187,3124,355.34286112232303,1.1595484850289525E-4,0.6940037428161642,1.6793026885699523E-4,1.640063405537185E-4,3.070125808702145E-5,9.80383595886205E-5,1.2336872956981373E-5,355.34286112232303,1.1595484850289525E-4,0.6940037428161642,1.6793026885699523E-4,0.0029111503517426805,3.989318452211729E-4,0.0023187750504879913,2.6794315191738566E-4,10.232106968921778,25.605901174481716,0.0029110568605304867,3.989318452211729E-4,0.002318687163725239,2.6794315191738566E-4,10.239044070488518,25.605901174481716,0.001928799648289739,3.989318452211729E-4,0.001379205471386286,2.6794315191738566E-4,22.07968254654503,25.605901174481716,0.0019287101933628229,3.989318452211729E-4,0.0013791728696098265,2.6794315191738566E-4,22.086619648111768,25.605901174481716,1.2968640218479657E-4,1.6616036320568804E-5,1.1497557352413423E-5,-1.189223780784232E-6,2.6125317162950523E-6,-1.2048190001223702E-6,S,1.181105379489317
1237663784195719621,356.156722099389,0.169280420627892,0.0866001183702032,0.0639943501685871,0.57853,0.043421,1,21.70754,21.68332,19.89487,19.42838,19.15731,0.2820147,0.1731287,0.07196542,0.04133165,0.1063946,0.1244992,0.09700892,0.06711032,0.04987016,0.03709424,1237663784195719621,356.15672,0.16927907,0.5638898,0.0002454674,300.1613,79.33343,null,BOSS,boss,boss,GALAXY,null,null,null,null,null,null,356.15672,0.16927907,0.5638898,-1.5855760852801,4.63774251937866,4.96840762643122,-1.90621316432953,0.5638898,0.5638898,5369486574227222528,1237663784195719621,0.5638898,11.5281002892035,0.111782340074429,11.5931948456579,11.7857273947427,11.6886046010373,1248,1208,356.1572810717292,1.6114243144217137E-4,0.16922374094733086,1.5663338015198337E-4,9.575286152312744E-5,2.342923956746896E-5,6.88106655231533E-5,1.0773403746837119E-5,356.1572810717292,1.6114243144217137E-4,0.16922374094733086,1.5663338015198337E-4,0.0024925713288053097,4.071262276033132E-4,0.0022525905032751508,3.3806103601119876E-4,49.440711325205825,66.35462308130548,0.002492539657096649,4.071262276033132E-4,0.002252590094921763,3.3806103601119876E-4,49.43999609739342,66.35462308130548,0.0016221287631394926,4.071262276033132E-4,6.535722590643437E-4,3.3806103601119876E-4,71.80250308336981,66.35462308130548,0.0016221093604713082,4.071262276033132E-4,6.535716536035946E-4,3.3806103601119876E-4,71.80178785555741,66.35462308130548,6.923896526842106E-5,1.1524452218180688E-5,1.0142390237888321E-5,-2.3057241378410254E-6,1.7883166947285645E-6,-2.296241746080341E-6,S,2.022610387748189
1237657190903251303,355.556339499686,-0.00175875095739487,0.0128326223645249,0.0123141570874243,0.348092,0.075743,1,20.93612,20.63274,19.88405,19.48937,18.91412,0.0997994,0.03003883,0.02482309,0.02352746,0.05899099,0.1098814,0.08561884,0.05923072,0.04401477,0.0327389,1237657190903251303,355.55634,-0.00176084,0.3184772,3.682493E-05,0,0,BROADLINE,BOSS,boss,boss,QSO,null,null,null,null,null,null,355.55634,-0.00176084,0.3186348,-9.94659988100195,6.92320966720581,7.81882248698549,-3.51050233840942,0.3186348,0.3184772,7268919306334433280,1237657190903251303,0.3186348,11.5643146260702,0.0457663521551373,11.5866287109571,11.6601990586924,11.6198411550657,2836,2778,355.55664524393353,1.5208950268448703E-4,-0.001418624747300581,2.3263532706313818E-4,6.558546431292099E-5,2.0371286919261836E-5,6.181978537797694E-5,1.0808080054582799E-5,355.55664524393353,1.5208950268448703E-4,-0.001418624747300581,2.3263532706313818E-4,0.0027182272122268825,6.19470957215369E-4,0.001574847149803352,2.112250075519349E-4,29.77846425145717,16.358565493643855,0.00271822218479986,6.19470957215369E-4,0.0015747927094671486,2.112250075519349E-4,29.77845666864043,16.358565493643855,0.0017526630163493347,6.19470957215369E-4,0.0,2.112250075519349E-4,39.30868905253149,16.358565493643855,0.001752662779321488,6.19470957215369E-4,0.0,2.112250075519349E-4,39.308681469714756,16.358565493643855,4.507027482149696E-5,1.2605434555768702E-5,1.126056940847775E-5,-1.5537626723016729E-6,1.2984729664822225E-6,-1.5419079772982514E-6,S,1.6464456784195423
1237663783122174907,356.62989710545,-0.699488394819743,0.0607440102923988,0.0619515108821145,0.569346,0.037992,1,26.46797,22.21847,20.72356,19.58802,19.88246,0.4456932,0.2802424,0.07840738,0.03863496,0.1126496,0.1672122,0.1302906,0.09013446,0.06697956,0.04982049,1237663783122174907,356.6299,-0.69949047,0.5645682,0.0001452499,198.2707,37.50716,null,BOSS,boss,boss,GALAXY,null,null,null,null,null,null,356.6299,-0.69949047,0.5645682,-12.4563250818203,6.10444593429565,6.38047460634183,-2.73525619506836,0.5645682,0.5645682,5235474518873141248,1237663783122174907,0.5645682,11.9048650658845,0.108538291673784,11.7043231736663,11.9035976691158,11.8087021155269,312,301,356.6302106292993,1.7942725035795034E-4,-0.6993245447350406,2.404522544650832E-4,1.1385147806908222E-4,2.495566723594993E-5,5.182888227089027E-5,8.182453927503522E-6,356.6302106292993,1.7942725035795034E-4,-0.6993245447350406,2.404522544650832E-4,0.0034750384572522163,6.046765957388576E-4,0.0025511704033345374,3.654259352443429E-4,153.86909171956842,25.16289820800192,0.0034748413189752735,6.046765957388576E-4,0.0025507041972061876,3.654259352443429E-4,153.87781451596277,25.16289820800192,0.002733589705356364,6.046765957388576E-4,0.0016974288503007068,3.654259352443429E-4,146.60613706646126,25.16289820800192,0.002733498935553144,6.046765957388576E-4,0.001697078745614523,3.654259352443429E-4,146.6148598628556,25.16289820800192,8.454994504335357E-5,1.2100708197021792E-5,7.643606295459904E-6,1.9483320556901162E-7,2.0509594378381735E-6,2.2307943936539232E-7,S,1.2734508729099163
1237678595940745418,354.919862265707,1.41545800439171,0.00932803778718202,0.0119771511681768,0.202447,0.01067,1,19.24739,18.92466,17.5127,17.02421,16.71992,0.2513553,0.0152065,0.00741822,0.006822899,0.01555794,0.1759606,0.1371073,0.0948502,0.07048386,0.05242705,1237678595940745418,354.91986,1.4154538,0.1889986,2.986649E-05,219.5655,12.63471,BROADLINE,BOSS,boss,boss,GALAXY,null,null,null,null,null,null,354.91986,1.4154538,0.1889986,-2.6501111042352,7.51223564147949,8.1750951121849,-2.3632185459137,0.1889986,0.1889986,1366849129795315712,1237678595940745418,0.1889986,11.4624684453875,0.0363799181376453,11.4355113939696,11.5077741604164,11.4710321678014,3542,3454,354.9201040111906,1.552051744330284E-5,1.415530566097761,1.5645553775625498E-5,6.945725698520309E-4,2.726742562903821E-5,4.972939972176221E-4,7.4585977927199565E-6,354.9203161493564,1.552051744330284E-5,1.415276647726508,1.5645553775625498E-5,0.002565673077632948,4.560161788317858E-5,0.0018662991090536089,2.4771308970656037E-5,134.55308669984183,2.2830925872434564,0.0025656719954077374,4.560161788317858E-5,0.001865683964148047,2.4771308970656037E-5,134.57768084968262,2.2830925872434564,0.001610118370009996,4.560161788317858E-5,0.0,2.4771308970656037E-5,120.27902100544631,2.2830925872434564,0.001610094528463516,4.560161788317858E-5,0.0,2.4771308970656037E-5,120.3036151552871,2.2830925872434564,5.771122347911141E-4,1.551851366886605E-5,7.4585977927199565E-6,-2.917929577961331E-7,5.293200047162827E-6,-6.710361617479066E-7,M,0.9083879259946869
1237666407366657041,355.358961979848,-0.544638908920087,0.123795041310143,0.266628944020123,0.726755,0.061184,0,20.89758,22.37538,21.83706,20.52922,19.68728,0.6208489,0.3989695,0.2172048,0.09703317,0.205471,0.1412964,0.1100972,0.07616476,0.05659858,0.04209894,null,null,null,null,null,null,null,null,null,null,null,null,null,null,null,null,null,null,355.35896,-0.54463891,0.7189439,-15.5976368504812,5.02441310882568,5.92627707218406,-15.8611431121826,0.7189439,0.7186431,6457236452065079296,1237666407366657041,0.7189439,12.3368156773552,0.0913052606508201,12.392879067777,12.5692091863612,12.4777127767526,3168,3106,355.3592530970249,3.9244023679489114E-5,-0.5445222052353383,7.578177615601614E-5,3.4049648747458866E-4,2.6134224841711666E-5,2.1320180124066935E-4,1.0779748299503777E-5,355.3592530970249,3.9244023679489114E-5,-0.5445222052353383,7.578177615601614E-5,0.003057929258898688,1.7850886467929086E-4,0.0021076268817547834,9.229897510267787E-5,178.27421479454065,6.765623977439259,0.0030575588686851236,1.7850886467929086E-4,0.002107536878582148,9.229897510267787E-5,178.26893074790553,6.765623977439259,0.0021054149009960693,1.7850886467929086E-4,0.0010631286224107527,9.229897510267787E-5,179.02079608865427,6.765623977439259,0.002105163856512403,1.7850886467929086E-4,0.001063081216594631,9.229897510267787E-5,179.01551204201914,6.765623977439259,3.2032844069273365E-4,1.532000764109903E-5,1.0235108675260562E-5,-7.254616321006324E-7,5.140469966136152E-6,-5.832495730828668E-7,S,1.129053811603529
1237663784195588295,355.947051273968,0.181440973098656,0.0104197990206683,0.00900168736587917,0.294644,0.031789,1,20.60206,20.40034,19.07224,18.52113,18.19187,0.3215831,0.03429874,0.01543947,0.01295054,0.03250014,0.1188405,0.09259973,0.06406006,0.04760349,0.03540825,1237663784195588295,355.94705,0.18144099,0.2719984,4.199237E-05,201.7814,14.78948,null,BOSS,eboss,eboss,GALAXY,null,null,null,null,null,null,355.94705,0.18144099,0.2719984,-14.5305624067735,7.58762502670288,8.89497320324243,-3.83310079574585,0.2719984,0.2719984,6410994295444795392,1237663784195588295,0.2719984,11.4840571100936,0.0327021975891432,11.492834282872,11.55250002323,11.5215527027645,1794,1739,355.9472671523655,1.802660147640355E-5,0.18162720109131417,3.0407993153251908E-5,4.3243986422367923E-4,2.0626767825723255E-5,4.286404877293864E-4,1.1705184783525331E-5,355.9472671523655,1.802660147640355E-5,0.18162720109131417,3.0407993153251908E-5,0.002301597227345622,7.165738219230055E-5,0.0017686137195595186,4.236152084767628E-5,2.7075462981839715,4.739337444653359,0.002301589282410807,7.165738219230055E-5,0.0017686135542671563,4.236152084767628E-5,2.7074452183992435,4.739337444653359,0.0,7.165738219230055E-5,0.0,4.236152084767628E-5,0.0,4.739337444653359,0.0,7.165738219230055E-5,0.0,4.236152084767628E-5,0.0,4.739337444653359,4.819750636649872E-4,1.6465900311234878E-5,1.1832046766357962E-5,-2.8627048322960036E-6,1.7784139345167205E-5,1.587861515872646E-5,S,1.0263718058828615
1237663783121977900,356.205058264714,-0.631276818044667,0.0185872839644544,0.0198471665490808,0.466337,0.022473,1,19.78876,21.3495,19.68062,18.91742,18.53805,0.3093687,0.08919802,0.02768173,0.01961378,0.05633656,0.1492387,0.1162858,0.08044597,0.05977998,0.04446532,1237663783121977900,356.20506,-0.63127952,0.5020256,5.922866E-05,199.6601,18.32705,null,BOSS,boss,boss,GALAXY,null,null,null,null,null,null,356.20506,-0.63127952,0.5020256,-1.24118322704727,6.23692893981934,5.03390292677201,-1.60408616065979,0.5020256,0.5020256,5775884487062384640,1237663783121977900,0.5020256,11.4862616597681,0.0832763427963244,11.485107128072,11.6340189839612,11.5590548846411,1105,1071,356.2053136526878,1.6124101334962567E-5,-0.6310914207999637,7.750804862436045E-6,0.0010761998101010933,2.836698620592543E-5,7.855899261626746E-4,8.80314655660186E-6,356.2055038515583,1.6124101334962567E-5,-0.6312816304467639,7.750804862436045E-6,0.0027221728835450667,3.7989833172963684E-5,0.0018453677170304995,1.8209092532818123E-5,177.85316241604494,1.4797407239853997,0.002721798376207927,3.7989833172963684E-5,0.0018453379012975735,1.8209092532818123E-5,177.85635484160127,1.4797407239853997,0.0015783670308079176,3.7989833172963684E-5,3.0722759834155797E-4,1.8209092532818123E-5,178.60510720439035,1.4797407239853997,0.0015781479650892399,3.7989833172963684E-5,3.072230081907646E-4,1.8209092532818123E-5,178.60829962994669,1.4797407239853997,0.0010310725005772017,1.5247267341386365E-5,8.80314655660186E-6,-7.271889899129746E-7,8.341664397448767E-6,-1.3854101155175158E-7,M,1.1360680599141617
1237666408440594641,355.898116802967,0.341853034702019,0.045743840786977,0.0563032167893632,0.583631,0.03013,1,21.98824,22.65492,20.65296,19.53708,18.94755,2.172543,0.3444155,0.06547806,0.03968858,0.08836257,0.1151945,0.08975875,0.06209468,0.04614301,0.03432192,1237666408440594641,355.89812,0.34185091,0.556527,9.984238E-05,263.544,37.08167,null,BOSS,boss,boss,GALAXY,null,null,null,null,null,null,355.89812,0.34185091,0.556527,-1.63857373347428,5.46043682098389,5.1421763062903,-1.37612414360046,0.556527,0.556527,6161006029242560512,1237666408440594641,0.556527,12.1118205334087,0.0966145047384,11.8265410050675,12.0121323392762,11.9217428570848,1930,1868,355.89852207296127,1.9838559696480604E-4,0.34223042715194596,2.2311978373051677E-4,1.1594540467568435E-4,3.418974960149622E-5,7.401935964408431E-5,1.444445977794219E-5,355.89852207296127,1.9838559696480604E-4,0.34223042715194596,2.2311978373051677E-4,0.0026827517773270718,5.507195701859915E-4,0.0023558953612952014,4.370367310764563E-4,150.49325605304634,65.68841323653336,0.0026827517760479778,5.507195701859915E-4,0.0023558952130169545,4.370367310764563E-4,150.49335702798635,65.68841323653336,0.0017261067791797292,5.507195701859915E-4,0.0012407391228432673,4.370367310764563E-4,119.29479542820152,65.68841323653336,0.0017261067571023238,5.507195701859915E-4,0.001240739060187167,4.370367310764563E-4,119.29489640314154,65.68841323653336,7.679301111160423E-5,1.636135601693866E-5,1.3444556316244416E-5,-2.7623884761851514E-6,2.0417660380189773E-6,-2.784234538921737E-6,S,1.9935777316398033
1237666408440922929,356.576621402237,0.31218782212308,0.0888188323510874,0.151566735901744,0.719934,0.062941,1,24.88333,22.49515,21.88894,20.65348,18.94067,0.9334308,0.4251363,0.2525983,0.07380368,0.1247344,0.1204765,0.09387448,0.06494193,0.04825881,0.03589569,1237666408440922929,356.57662,0.31218782,0.6562385,0.000303657,722.5,270.4494,null,BOSS,eboss,eboss,GALAXY,null,null,null,null,null,null,356.57662,0.31218782,0.6562589,-2.06044378083692,4.27801609039307,4.97431100632187,-2.22899508476257,0.6562589,0.6562589,6004677466424799232,1237666408440922929,0.6562589,11.9900926757003,0.103051018197715,12.0108171057964,12.2040155239726,12.1081783123637,406,393,356.5767956982874,5.229626075474228E-5,0.31240921695553986,5.532440860432965E-5,2.4971784452831143E-4,2.4278869733942862E-5,2.1718222208186162E-4,1.2753642497120809E-5,356.5767956982874,5.229626075474228E-5,0.31240921695553986,5.532440860432965E-5,0.0022066570550746904,1.3253374558195975E-4,0.002102556441764885,1.2071909405058208E-4,26.396838089295873,50.467034446019454,0.00220662465363389,1.3253374558195975E-4,0.0021024471277353994,1.2071909405058208E-4,26.393229563613332,50.467034446019454,0.0,1.3253374558195975E-4,0.0,1.2071909405058208E-4,0.0,50.467034446019454,0.0,1.3253374558195975E-4,0.0,1.2071909405058208E-4,0.0,50.467034446019454,2.2671225607389671E-4,1.8353016388786567E-5,1.2366675036901142E-5,-1.243266183337255E-6,5.99484883423429E-6,-2.2658921352558536E-6,S,1.0143691227463716
1237663784195523120,355.734663813597,8.89074188311278E-4,0.356802758950502,0.125236077294419,0.596445,0.053946,0,21.5883,21.0949,20.19629,19.56868,18.78283,0.1867198,0.1435114,0.09153087,0.0432249,0.1565577,0.1077021,0.08392073,0.05805597,0.04314181,0.03208958,1237663784195523120,355.73466,0.00089062183,0.6288252,8.323226E-05,116.3007,49.70958,null,BOSS,boss,boss,GALAXY,null,null,null,null,null,null,355.73466,8.9062183E-4,0.6288252,-9.34510167643582,4.73970603942871,5.63488823071784,-4.74460649490356,0.6288252,0.6288252,4346149925550747648,1237663784195523120,0.6288252,11.6356465431215,0.0985053842998312,11.7036257742548,11.8779599124555,11.7873020876202,2393,2338,355.73532968256507,2.153258591008583E-4,7.679853860411977E-4,1.9469536087029645E-4,1.0257858989003705E-4,2.7641261457888155E-5,6.051374105463437E-5,1.1029076432122691E-5,355.73532968256507,2.153258591008583E-4,7.679853860411977E-4,1.9469536087029645E-4,0.0027999239044778257,5.368072492881375E-4,0.0024428347488965577,4.232453866357022E-4,122.25848575870334,58.79168915293942,0.0027998778958805396,5.368072492881375E-4,0.002442822288595344,4.232453866357022E-4,122.25848882494608,58.79168915293942,0.0020512698963845916,5.368072492881375E-4,0.0011707206214911223,4.232453866357022E-4,106.04189606981228,58.79168915293942,0.002051248073982889,5.368072492881375E-4,0.0011707078671742888,4.232453866357022E-4,106.04189913605502,58.79168915293942,6.703885735727876E-5,1.3048159755405215E-5,1.0211147127847653E-5,-1.7176921573991422E-6,2.23077859118348E-6,-1.6830930462674587E-6,S,2.4364420756653833
1237666408440660478,355.943619687627,0.243632463202627,0.0263666522161049,0.0188298877429865,0.308323,0.037274,1,20.22751,19.38275,18.63288,18.34095,18.07398,0.1246997,0.02371167,0.01627545,0.01558346,0.04675606,0.1220018,0.09506293,0.0657641,0.04886977,0.03635013,1237666408440660478,355.94362,0.243632,0.2621467,2.464813E-05,120.6728,14.43978,STARFORMING,BOSS,eboss,eboss,GALAXY,null,null,null,null,null,null,355.94362,0.243632,0.2621467,-13.7812804718428,8.52014446258545,8.80136932080335,-5.89485788345337,0.2621467,0.2621467,4565569841889210368,1237666408440660478,0.2621467,11.4949198485438,0.0318381512088828,11.4824692863913,11.5392930594071,11.5106087415894,1804,1749,355.9439052242908,8.784928977952362E-5,0.243783810906324,1.1567624320905944E-4,3.9467568695962285E-4,4.2597929066371625E-5,1.7435612626127576E-4,1.3694244049010587E-5,355.9439052242908,8.784928977952362E-5,0.243783810906324,1.1567624320905944E-4,0.0032917027169645187,2.724515872351516E-4,0.0027746701035552376,2.0679704168492704E-4,1.7656673713810827,20.862657766171612,0.0032916988440760235,2.724515872351516E-4,0.002774669822150651,2.0679704168492704E-4,1.7655460562904182,20.862657766171612,0.002437541613625377,2.724515872351516E-4,0.0020890089569024373,2.0679704168492704E-4,6.8953913837652,20.862657766171612,0.0024375386169261624,2.724515872351516E-4,0.002089008855611268,2.0679704168492704E-4,6.895270068674535,20.862657766171612,3.8311071081466574E-4,2.2082294307127158E-5,1.266947674594121E-5,-2.756022695393767E-6,8.145135325321462E-6,-2.0940356080245692E-6,S,1.163395233723722
1237666408440857155,356.40072059419,0.359189676023648,0.0426670517977424,0.0358871343842554,0.518291,0.021596,1,23.45883,22.00557,19.98399,19.38458,18.97345,3.056849,0.1165646,0.04340689,0.02518953,0.0659366,0.1129655,0.08802193,0.06089317,0.04525015,0.0336578,1237666408440857155,356.40072,0.35918791,0.4891785,0.0001190848,190.8642,28.95127,null,BOSS,boss,boss,GALAXY,null,null,null,null,null,null,356.40072,0.35918791,0.4891785,-14.5544668971477,7.13468647003174,7.05712572493423,-33.0,0.4891785,0.4891785,7494122107350740992,1237666408440857155,0.4891785,11.7359077412789,0.0700463171834977,11.702432476295,11.8301845240601,11.760436825402,651,629,356.40092504349724,7.960059843058426E-5,0.3593708573227644,1.1396910576516845E-4,1.1805075686187117E-4,2.139166554980828E-5,1.0860499226733186E-4,1.1617742910585826E-5,356.40092504349724,7.960059843058426E-5,0.3593708573227644,1.1396910576516845E-4,0.0022991462356988703,2.689665921933537E-4,0.0019076393878734437,1.8659864298998589E-4,174.73585899135375,25.437893175568018,0.0022991443694361843,2.689665921933537E-4,0.001907572214256751,1.8659864298998589E-4,174.73281207513105,25.437893175568018,6.389586184874991E-4,2.689665921933537E-4,5.367791969707062E-4,1.8659864298998589E-4,140.05961665802786,25.437893175568018,6.389477881358972E-4,2.689665921933537E-4,5.367689576851584E-4,1.8659864298998589E-4,140.05656974180516,25.437893175568018,9.773074356113527E-5,1.3029949866376855E-5,1.1467342119431123E-5,-1.5071672123667668E-6,1.0411297353130067E-6,-1.5239986623782897E-6,S,0.9834297246213616
1237663783658521096,355.401764073374,-0.313855424107429,0.0373603725279584,0.0319449513957758,0.603564,0.046471,1,24.94932,22.79558,21.44085,20.04173,19.39118,0.5729172,0.1792579,0.07509677,0.05178765,0.08181548,0.1382785,0.1077457,0.07453799,0.05538971,0.04119977,1237663783658521096,355.40176,-0.31385543,0.5501755,0.0001809818,238.3925,42.96947,null,BOSS,eboss,eboss,GALAXY,null,null,null,null,null,null,355.40176,-0.31385543,0.5501755,-5.4494992120589,5.76035785675049,5.83632621832496,-2.08545207977295,0.5501755,0.5501755,7552632890615066624,1237663783658521096,0.5501755,11.9653925031068,0.100109754964924,11.7587980964971,11.9487620535184,11.8552544573161,3131,3070,355.40204997923405,2.0161646966585494E-5,-0.313663057559066,3.470398355475903E-5,7.028541270244177E-4,2.6671603390519315E-5,4.740628141756144E-4,1.1576939289532796E-5,355.40204997923405,2.0161646966585494E-5,-0.313663057559066,3.470398355475903E-5,0.0029648559756751294,8.457346001292804E-5,0.0020178963845826283,4.218752984450609E-5,162.71804130142962,3.1590666670949603,0.002964589681617062,8.457346001292804E-5,0.002017868960726916,4.218752984450609E-5,162.71523263592098,3.1590666670949603,0.0020020381727615536,8.457346001292804E-5,7.903746861359119E-4,4.218752984450609E-5,156.2581203722486,3.1590666670949603,0.002001844651605648,8.457346001292804E-5,7.903693564637933E-4,4.218752984450609E-5,156.25531170673997,3.1590666670949603,6.762406980230304E-4,1.782017607253916E-5,1.1089628969784826E-5,-9.602771342542837E-7,4.144883860135451E-6,-5.894802939110377E-7,S,1.2405361729679711
1237663277926056436,356.06538191757,0.490258345399431,0.027603870794514,0.0224699814468407,0.543714,0.041635,1,22.09853,22.00562,20.50549,19.23699,18.50026,0.3630614,0.1419501,0.03988165,0.02891611,0.07512396,0.1121411,0.0873796,0.0604488,0.04491994,0.03341218,1237663277926056436,356.06538,0.49025581,0.470107,0.0001222108,258.9829,41.16798,null,BOSS,boss,boss,GALAXY,null,null,null,null,null,null,356.06538,0.49025581,0.470107,-2.74670058141899,4.9503378868103,5.99588878946505,-1.68002915382385,0.470107,0.470107,4581542722284482560,1237663277926056436,0.470107,11.9048189929507,0.0931707413650474,11.7429471307015,11.9207994764748,11.832686882355,1482,1435,356.0658140317276,1.1494384157145815E-5,0.49011897965562784,1.4726158423958015E-5,0.0013309836960714422,3.420454495116497E-5,9.911839583817779E-4,1.264576621906599E-5,356.06588547142206,1.1494384157145815E-5,0.4899705991992457,1.4726158423958015E-5,0.0024730907331649084,3.7118487579029885E-5,0.0019516726398101647,2.3608839062395422E-5,117.52995688980234,2.598470642477135,0.00247307459509787,3.7118487579029885E-5,0.0019516711097146108,2.3608839062395422E-5,117.52866982635642,2.598470642477135,0.0,3.7118487579029885E-5,0.0,2.3608839062395422E-5,0.0,2.598470642477135,0.0,3.7118487579029885E-5,0.0,2.3608839062395422E-5,0.0,2.598470642477135,0.0012373917960706202,2.3891840362970843E-5,1.264576621906599E-5,-2.2336789697874337E-6,9.935164598573465E-6,-2.4468461106152972E-6,M,1.6344625980953036
1237663277926056705,356.157729064146,0.531434973113974,0.0373020905965464,0.0427299290665901,0.599136,0.034288,1,20.39008,22.35607,20.37296,19.13744,18.77797,0.2761028,0.1926176,0.05816223,0.02723256,0.08142178,0.1106343,0.0862055,0.05963657,0.04431636,0.03296323,1237663277926056705,356.15773,0.53143268,0.5599331,0.0001122129,281.4257,26.75787,null,BOSS,boss,boss,GALAXY,null,null,null,null,null,null,356.15773,0.53143268,0.5599331,-4.36883524731994,4.78966045379639,5.58499974833577,-2.18732047080994,0.5599331,0.5599331,7684335971248828416,1237663277926056705,0.5599331,11.7050536181467,0.100182892589437,11.6727819530899,11.8568640497704,11.7585689309041,1244,1204,356.15794852105233,2.6046656781944265E-5,0.5315425566036124,3.121247418032069E-5,4.4616510528245354E-4,2.3418186867610576E-5,3.9570187730344195E-4,1.2455188255489217E-5,356.15794852105233,2.6046656781944265E-5,0.5315425566036124,3.121247418032069E-5,0.002235270837768589,7.35262112138996E-5,0.00203531736174567,6.13033873670756E-5,2.799640229718378,14.281801317450268,0.0022352587228267363,7.35262112138996E-5,0.0020352976710690017,6.13033873670756E-5,2.79738936122979,14.281801317450268,9.232347173876676E-4,7.35262112138996E-5,2.407204538548105E-4,6.13033873670756E-5,80.21536335649947,14.281801317450268,9.232288151486323E-4,7.35262112138996E-5,2.407183592807608E-4,6.13033873670756E-5,80.21311248801088,14.281801317450268,4.121225359937692E-4,1.993300952137959E-5,1.2139566933910828E-5,-2.0593602130247746E-6,6.0461779867182486E-6,-1.850113562795741E-6,S,0.8798402715976591
1237663277925859826,355.627053718777,0.573434240172146,0.0326712697777088,0.0306707366599999,0.517616,0.030236,1,20.02831,21.26459,19.96752,19.01649,18.59925,0.3497785,0.111755,0.03412368,0.02506267,0.06100386,0.1055242,0.08222373,0.05688199,0.04226942,0.03144068,1237663277925859826,355.62705,0.5734305,0.4814027,9.919966E-05,207.6369,28.79729,null,BOSS,boss,boss,GALAXY,null,null,null,null,null,null,355.62705,0.5734305,0.4814027,-3.11339331475715,6.02130603790283,6.05315818935387,-1.81135034561157,0.4814027,0.4814027,6163361733911703552,1237663277925859826,0.4814027,11.6946410420087,0.0944745399432693,11.496350260631,11.6808241365979,11.5894267790865,2656,2603,355.62731007316916,1.1312515711731017E-4,0.5735604110959219,1.3402807412475233E-4,1.1574488395070725E-4,2.3801050305394278E-5,9.191040961059107E-5,1.1722965048537883E-5,355.62731007316916,1.1312515711731017E-4,0.5735604110959219,1.3402807412475233E-4,0.002409488933602296,3.260001805747636E-4,0.002108869945068835,2.535726619691197E-4,23.476200910458694,41.643932988416886,0.0024094471521482566,3.260001805747636E-4,0.0021088609296381383,2.535726619691197E-4,23.479086019910454,41.643932988416886,0.0012996293591131505,3.260001805747636E-4,5.79002065901844E-4,2.535726619691197E-4,59.86384345692649,41.643932988416886,0.0012996021116264095,3.260001805747636E-4,5.790016897984039E-4,2.535726619691197E-4,59.86672856637825,41.643932988416886,8.919741069227517E-5,1.3992040135442413E-5,1.1213691323064268E-5,-1.7014062905218452E-6,3.7246652482281206E-6,-1.602063548489241E-6,S,1.0285552966788567
1237663278462927728,356.180768216026,0.972925630293934,0.11428883776045,0.142629291863448,0.662612,0.039642,1,20.35761,23.0983,21.45795,19.86197,19.58701,0.7183154,0.4399135,0.1424723,0.06319596,0.184399,0.114728,0.08939529,0.06184325,0.04595616,0.03418294,1237663278462927728,356.18077,0.97292575,0.6056193,0.0001759878,158.5427,46.39631,null,BOSS,boss,boss,GALAXY,null,null,null,null,null,null,356.18077,0.97292575,0.6056193,-1.03042845497176,3.92583131790161,4.27240780893298,-1.14129662513733,0.6056193,0.6056193,5203972410906963968,1237663278462927728,0.6056193,11.596828089471,0.0781779416068426,11.5246429119381,11.6672647785873,11.5974823824263,1183,1145,356.18082957547153,1.352828924954345E-4,0.9732083519827504,2.5734341960447746E-4,9.613474851114621E-5,2.7425665153902883E-5,7.100040561259178E-5,1.2596912979692084E-5,356.18082957547153,1.352828924954345E-4,0.9732083519827504,2.5734341960447746E-4,0.002922901417133441,6.273339745453958E-4,0.0018692422801257662,2.7414956128118376E-4,163.29126202067619,20.11334865825264,0.0029226885062570837,6.273339745453958E-4,0.0018692409074002015,2.7414956128118376E-4,163.28675278156442,20.11334865825264,0.0019357991105765865,6.273339745453958E-4,2.46741750832263E-4,2.7414956128118376E-4,157.596722760094,20.11334865825264,0.0019356566815158318,6.273339745453958E-4,2.4674175080915E-4,2.7414956128118376E-4,157.59221352098223,20.11334865825264,6.893234100192061E-5,1.379069287693084E-5,1.2319373126956634E-5,-5.119650268170517E-7,1.2744535524689127E-6,-5.236525453256036E-7,S,1.0414859671051258
1237663277926122049,356.270217858548,0.500529851747353,0.0448643850567134,0.0417284929336894,0.51923,0.069923,1,19.33654,21.46053,20.18156,19.28323,19.07814,0.2774957,0.07514083,0.03922679,0.03359907,0.09309907,0.108314,0.08439752,0.05838581,0.04338692,0.0322719,1237663277926122049,356.27022,0.50052729,0.6062603,8.286998E-05,258.6509,71.8965,null,BOSS,boss,boss,GALAXY,null,null,null,null,null,null,356.27022,0.50052729,0.6062603,-1.25893031837914,4.48417377471924,4.65710307300718,-1.68563950061798,0.6062603,0.6062603,7458171646525501440,1237663277926122049,0.6062603,11.5619721182779,0.0902562050184895,11.615668865826,11.7781374289142,11.6969676460024,943,912,356.2703695301566,3.88666457318501E-5,0.5006146884522719,4.8808271170714956E-5,2.992264933265121E-4,2.348408986604075E-5,2.583243676866928E-4,1.225460680106659E-5,356.2703695301566,3.88666457318501E-5,0.5006146884522719,4.8808271170714956E-5,0.0022938059854727064,1.1495475569606575E-4,0.0020375884515511835,9.149855205546602E-5,178.21513722763527,17.252183103575852,0.0022937945671826034,1.1495475569606575E-4,0.0020375505495250647,9.149855205546602E-5,178.21203462178096,17.252183103575852,9.1877361465766E-4,1.1495475569606575E-4,5.835002273271616E-4,9.149855205546602E-5,83.48160007380295,17.252183103575852,9.187580635512513E-4,1.1495475569606575E-4,5.834963451038331E-4,9.149855205546602E-5,83.47849746794864,17.252183103575852,2.6146147966174673E-4,1.5370964731710632E-5,1.189143495139433E-5,-2.184805452998262E-6,3.835741154034622E-6,-2.3149350454332307E-6,S,0.6256110981348597
